track_id,genotype,cluster
1,WT,0
4,WT,0
5,WT,1
6,WT,1
7,WT,1
8,WT,1
9,WT,1
10,WT,1
11,WT,1
13,WT,1
16,WT,1
17,WT,1
19,WT,1
20,WT,0
21,WT,1
22,WT,1
23,WT,0
25,WT,1
26,WT,1
27,WT,0
29,WT,1
31,WT,1
33,WT,1
35,WT,1
38,WT,1
40,WT,1
48,WT,1
52,WT,0
60,WT,1
62,WT,1
63,WT,1
68,WT,1
69,WT,1
76,WT,0
78,WT,1
81,WT,1
83,WT,1
87,WT,0
93,WT,0
100,WT,1
108,WT,1
114,WT,1
122,WT,1
123,WT,1
125,WT,1
127,WT,1
132,WT,1
136,WT,1
138,WT,1
147,WT,1
154,WT,1
158,WT,1
169,WT,1
182,WT,1
188,WT,1
191,WT,1
198,WT,1
199,WT,0
207,WT,1
214,WT,1
216,WT,1
222,WT,1
224,WT,0
231,WT,1
238,WT,1
240,WT,1
247,WT,1
248,WT,1
265,WT,1
270,WT,0
286,WT,1
295,WT,1
299,WT,1
309,WT,1
313,WT,1
314,WT,1
318,WT,1
319,WT,1
321,WT,1
336,WT,1
338,WT,1
344,WT,1
345,WT,1
355,WT,1
365,WT,1
372,WT,1
374,WT,1
376,WT,1
379,WT,1
381,WT,1
384,WT,1
396,WT,1
397,WT,1
398,WT,0
399,WT,1
401,WT,1
405,WT,1
424,WT,0
426,WT,0
430,WT,0
432,WT,1
433,WT,0
434,WT,1
437,WT,0
440,WT,0
441,WT,1
444,WT,1
449,WT,0
451,WT,0
452,WT,1
457,WT,0
459,WT,1
460,WT,0
461,WT,1
465,WT,1
468,WT,1
469,WT,1
477,WT,1
483,WT,0
485,WT,1
497,WT,0
499,WT,0
501,WT,1
506,WT,0
508,WT,0
511,WT,0
512,WT,0
519,WT,0
524,WT,1
525,WT,0
536,WT,1
538,WT,1
542,WT,0
544,WT,1
545,WT,1
546,WT,1
547,WT,1
549,WT,1
552,WT,1
553,WT,1
554,WT,0
555,WT,1
556,WT,1
558,WT,1
560,WT,1
561,WT,1
562,WT,1
563,WT,1
564,WT,1
565,WT,1
566,WT,1
567,WT,1
588,WT,1
589,WT,0
598,WT,1
602,WT,1
604,WT,1
605,WT,1
623,WT,1
625,WT,1
626,WT,0
632,WT,1
639,WT,1
642,WT,1
644,WT,0
646,WT,1
651,WT,1
653,WT,1
658,WT,1
659,WT,1
660,WT,1
663,WT,1
667,WT,1
668,WT,1
671,WT,1
676,WT,1
678,WT,1
681,WT,1
687,WT,1
688,WT,1
691,WT,1
694,WT,1
697,WT,1
699,WT,1
700,WT,1
703,WT,1
709,WT,0
710,WT,1
716,WT,1
728,WT,1
730,WT,1
731,WT,1
734,WT,1
740,WT,1
741,WT,1
748,WT,1
749,WT,1
759,WT,1
777,WT,1
779,WT,1
781,WT,1
783,WT,1
787,WT,1
797,WT,1
802,WT,1
803,WT,1
811,WT,1
814,WT,1
818,WT,1
822,WT,1
829,WT,1
833,WT,1
840,WT,1
842,WT,1
846,WT,1
855,WT,1
857,WT,1
863,WT,1
864,WT,1
869,WT,1
870,WT,1
871,WT,1
874,WT,1
876,WT,1
886,WT,1
898,WT,1
900,WT,1
902,WT,0
909,WT,1
912,WT,1
919,WT,1
923,WT,1
927,WT,1
932,WT,1
939,WT,1
943,WT,1
944,WT,1
945,WT,1
953,WT,1
954,WT,1
957,WT,1
965,WT,1
970,WT,1
973,WT,1
976,WT,1
984,WT,1
985,WT,1
991,WT,1
999,WT,1
1001,WT,1
1003,WT,0
1004,WT,1
1005,WT,1
1012,WT,1
1016,WT,1
1028,WT,1
1042,WT,0
1043,WT,1
1046,WT,1
1048,WT,0
1050,WT,1
1051,WT,1
1052,WT,1
1053,WT,0
1055,WT,0
1057,WT,0
1059,WT,0
1061,WT,1
1062,WT,0
1063,WT,0
1064,WT,0
1065,WT,1
1066,WT,0
1068,WT,0
1070,WT,1
1073,WT,0
1074,WT,1
1080,WT,1
1086,WT,1
1095,WT,0
1096,WT,0
1098,WT,0
1102,WT,1
1104,WT,1
1108,WT,1
1117,WT,0
1119,WT,1
1120,WT,1
1121,WT,0
1122,WT,0
1132,WT,0
1134,WT,1
1140,WT,0
1145,WT,1
1146,WT,1
1162,WT,1
1165,WT,1
1167,WT,1
1168,WT,0
1181,WT,0
1182,WT,1
1183,WT,1
1185,WT,1
1186,WT,1
1188,WT,1
1189,WT,1
1190,WT,0
1193,WT,1
1195,WT,1
1196,WT,0
1199,WT,1
1204,WT,1
1209,WT,0
1214,WT,1
1216,WT,1
1217,WT,0
1219,WT,1
1220,WT,1
1222,WT,1
1232,WT,1
1234,WT,1
1235,WT,1
1240,WT,1
1246,WT,1
1247,WT,1
1254,WT,1
1257,WT,1
1258,WT,1
1266,WT,1
1268,WT,1
1269,WT,1
1272,WT,1
1274,WT,1
1275,WT,1
1276,WT,1
1277,WT,1
1278,WT,0
1285,WT,0
1287,WT,1
1296,WT,0
1297,WT,0
1298,WT,0
1299,WT,0
1300,WT,1
1302,WT,0
1305,WT,1
1307,WT,0
1308,WT,1
1314,WT,1
1320,WT,1
1325,WT,1
1326,WT,1
1330,WT,1
1337,WT,1
1341,WT,0
1344,WT,0
1349,WT,0
1361,WT,1
1362,WT,0
1364,WT,1
1368,WT,1
1369,WT,0
1375,WT,1
1376,WT,1
1378,WT,0
1381,WT,0
1383,WT,0
1387,WT,0
1389,WT,0
1391,WT,0
1394,WT,1
1396,WT,0
1405,WT,1
1406,WT,1
1410,WT,0
1422,WT,0
1440,WT,1
1448,WT,1
1457,WT,1
1461,WT,0
1468,WT,1
1470,WT,1
1471,WT,0
1485,WT,1
1486,WT,1
1493,WT,0
1495,WT,0
1496,WT,0
1498,WT,1
1501,WT,1
1513,WT,1
1515,WT,1
1516,WT,0
1521,WT,1
1527,WT,1
1532,WT,1
1535,WT,0
1540,WT,1
1541,WT,1
1552,WT,0
1553,WT,1
1554,WT,1
1561,WT,1
1564,WT,0
1565,WT,0
1571,WT,1
1574,WT,0
1592,WT,1
1593,WT,1
1594,WT,1
1596,WT,1
1600,WT,1
1602,WT,1
1604,WT,1
1605,WT,1
1607,WT,0
1608,WT,1
1612,WT,1
1614,WT,1
1622,WT,1
1629,WT,1
1634,WT,1
1635,WT,1
1636,WT,0
1637,WT,0
1645,WT,1
1646,WT,1
1647,WT,0
1651,WT,1
1654,WT,0
1663,WT,0
1664,WT,1
1668,WT,1
1669,WT,1
1671,WT,1
1672,WT,1
1676,WT,1
1678,WT,1
1681,WT,1
1682,WT,0
1684,WT,1
1686,WT,1
1687,WT,1
1700,WT,1
1704,WT,1
1708,WT,1
1711,WT,1
1719,WT,0
1720,WT,1
1726,WT,1
1727,WT,1
1737,WT,1
1738,WT,1
1744,WT,0
1745,WT,0
1752,WT,1
1754,WT,0
1758,WT,1
1764,WT,0
1776,WT,1
1778,WT,1
1782,WT,1
1787,WT,1
1796,WT,1
1807,WT,1
1811,WT,1
1838,WT,1
1839,WT,1
1840,WT,0
1844,WT,1
1846,WT,0
1847,WT,0
1849,WT,1
1850,WT,1
1851,WT,1
1852,WT,1
1853,WT,1
1854,WT,0
1856,WT,1
1857,WT,1
1858,WT,0
1861,WT,1
1877,WT,1
1887,WT,1
1890,WT,0
1896,WT,1
1898,WT,0
1907,WT,0
1913,WT,1
1915,WT,1
1920,WT,1
1921,WT,1
1922,WT,1
1925,WT,1
1926,WT,0
1930,WT,1
1932,WT,0
1933,WT,0
1935,WT,0
1936,WT,1
1938,WT,1
1940,WT,1
1950,WT,1
1951,WT,1
1952,WT,1
1959,WT,1
1960,WT,1
1963,WT,1
1965,WT,1
1968,WT,0
1970,WT,0
1972,WT,1
1980,WT,1
1981,WT,1
1982,WT,0
1988,WT,1
1997,WT,1
2000,WT,1
2001,WT,1
2003,WT,0
2004,WT,0
2005,WT,0
2009,WT,1
2044,WT,1
2047,WT,1
2048,WT,0
2049,WT,1
2050,WT,1
2051,WT,0
2053,WT,1
2054,WT,1
2055,WT,1
2056,WT,0
2057,WT,0
2058,WT,1
2059,WT,1
2060,WT,1
2066,WT,1
2072,WT,0
2080,WT,1
2083,WT,0
2087,WT,0
2089,WT,0
2092,WT,1
2093,WT,0
2120,WT,0
2123,WT,0
2124,WT,0
2127,WT,0
2129,WT,1
2131,WT,0
2132,WT,1
2133,WT,0
2135,WT,0
2137,WT,0
2139,WT,1
2140,WT,0
2142,WT,0
2144,WT,1
2145,WT,1
2147,WT,1
2152,WT,1
2153,WT,1
2154,WT,1
2155,WT,0
2157,WT,0
2160,WT,1
2174,WT,1
2177,WT,1
2184,WT,1
2188,WT,0
2193,WT,1
2194,WT,1
2195,WT,1
2197,WT,0
2198,WT,0
2204,WT,1
2205,WT,0
2206,WT,0
2212,WT,0
2216,WT,0
2217,WT,0
2220,WT,1
2222,WT,0
2223,WT,0
2232,WT,1
2239,WT,1
2240,WT,1
2241,WT,1
2244,WT,0
2248,WT,1
2249,WT,1
2251,WT,1
2257,WT,1
2260,WT,1
2262,WT,1
2263,WT,1
2266,WT,1
2267,WT,1
2270,WT,1
2275,WT,1
2276,WT,1
2279,WT,1
2281,WT,1
2287,WT,1
2288,WT,1
2289,WT,1
2291,WT,0
2301,WT,1
2307,WT,0
2310,WT,1
2338,WT,0
2364,WT,1
2366,WT,1
2371,WT,0
2377,WT,1
2379,WT,1
2380,WT,1
2381,WT,1
2382,WT,0
2383,WT,0
2384,WT,1
2385,WT,1
2386,WT,0
2389,WT,1
2390,WT,1
2391,WT,1
2393,WT,0
2394,WT,1
2395,WT,1
2397,WT,0
2398,WT,1
2401,WT,1
2402,WT,1
2403,WT,0
2407,WT,1
2413,WT,1
2416,WT,0
2426,WT,0
2427,WT,0
2428,WT,0
2433,WT,0
2435,WT,1
2437,WT,0
2438,WT,0
2439,WT,1
2445,WT,0
2449,WT,0
2451,WT,0
2455,WT,0
2457,WT,0
2459,WT,0
2463,WT,0
2464,WT,1
2469,WT,0
2470,WT,1
2487,WT,1
2489,WT,0
2491,WT,0
2493,WT,1
2496,WT,0
2498,WT,0
2499,WT,1
2502,WT,1
2503,WT,1
2506,WT,0
2507,WT,1
2509,WT,1
2510,WT,1
2511,WT,1
2512,WT,1
2513,WT,0
2514,WT,1
2516,WT,1
2517,WT,1
2519,WT,0
2520,WT,1
2521,WT,1
2524,WT,0
2525,WT,0
2526,WT,0
2528,WT,1
2539,WT,1
2542,WT,0
2545,WT,1
2546,WT,1
2551,WT,1
2552,WT,0
2554,WT,0
2555,WT,0
2556,WT,0
2557,WT,0
2562,WT,1
2563,WT,1
2565,WT,1
2570,WT,1
2573,WT,1
2579,WT,0
2587,WT,0
2590,WT,1
2597,WT,0
2599,WT,1
2600,WT,1
2605,WT,1
2608,WT,0
2609,WT,0
2611,WT,1
2617,WT,1
2619,WT,1
2620,WT,1
2664,WT,1
2665,WT,0
2668,WT,1
2669,WT,0
2672,WT,0
2676,WT,1
2680,WT,0
2681,WT,0
2683,WT,1
2685,WT,0
2687,WT,1
2690,WT,1
2691,WT,0
2693,WT,1
2694,WT,1
2697,WT,1
2702,WT,0
2713,WT,1
2720,WT,1
2721,WT,1
2735,WT,0
2736,WT,1
2739,WT,0
2742,WT,0
2743,WT,0
2745,WT,1
2751,WT,1
2752,WT,1
2759,WT,0
2770,WT,1
2772,WT,0
2773,WT,1
2780,WT,0
2781,WT,1
2782,WT,1
2783,WT,1
2785,WT,1
2788,WT,1
2789,WT,1
2790,WT,1
2791,WT,1
2793,WT,0
2797,WT,1
2800,WT,0
2801,WT,1
2815,MUT,1
2817,MUT,1
2818,MUT,0
2819,MUT,1
2821,MUT,1
2822,MUT,0
2823,MUT,1
2824,MUT,1
2827,MUT,1
2828,MUT,1
2830,MUT,1
2831,MUT,0
2833,MUT,1
2839,MUT,1
2846,MUT,0
2847,MUT,1
2851,MUT,1
2853,MUT,1
2865,MUT,0
2867,MUT,0
2868,MUT,1
2870,MUT,1
2873,MUT,1
2877,MUT,0
2882,MUT,1
2886,MUT,1
2891,MUT,1
2895,MUT,1
2896,MUT,0
2898,MUT,1
2907,MUT,1
2909,MUT,1
2911,MUT,1
2912,MUT,1
2913,MUT,1
2915,MUT,1
2916,MUT,1
2920,MUT,1
2922,MUT,1
2931,MUT,1
2934,MUT,1
2940,MUT,1
2941,MUT,1
2942,MUT,1
2946,MUT,1
2948,MUT,0
2949,MUT,1
2954,MUT,1
2955,MUT,1
2956,MUT,0
2959,MUT,0
2960,MUT,1
2961,MUT,1
2962,MUT,1
2969,MUT,0
2974,MUT,1
2981,MUT,1
2987,MUT,0
2990,MUT,1
2991,MUT,1
2995,MUT,1
2997,MUT,1
3003,MUT,1
3007,MUT,1
3010,MUT,1
3012,MUT,1
3015,MUT,1
3016,MUT,1
3019,MUT,0
3021,MUT,1
3026,MUT,1
3027,MUT,0
3031,MUT,1
3047,MUT,1
3048,MUT,0
3050,MUT,1
3052,MUT,0
3060,MUT,1
3062,MUT,1
3065,MUT,1
3066,MUT,1
3069,MUT,1
3070,MUT,1
3071,MUT,0
3074,MUT,1
3079,MUT,1
3081,MUT,0
3086,MUT,1
3087,MUT,1
3088,MUT,0
3090,MUT,1
3091,MUT,0
3092,MUT,1
3095,MUT,1
3099,MUT,1
3100,MUT,0
3102,MUT,1
3107,MUT,1
3109,MUT,0
3115,MUT,1
3119,MUT,1
3121,MUT,0
3134,MUT,1
3137,MUT,1
3139,MUT,1
3147,MUT,1
3149,MUT,0
3153,MUT,1
3156,MUT,1
3160,MUT,1
3164,MUT,0
3172,MUT,0
3173,MUT,0
3174,MUT,1
3176,MUT,1
3177,MUT,1
3191,MUT,1
3193,MUT,1
3195,MUT,1
3196,MUT,1
3197,MUT,1
3198,MUT,1
3199,MUT,1
3200,MUT,1
3201,MUT,0
3202,MUT,1
3204,MUT,0
3205,MUT,1
3207,MUT,0
3209,MUT,1
3211,MUT,1
3218,MUT,0
3227,MUT,0
3233,MUT,0
3245,MUT,1
3248,MUT,1
3249,MUT,1
3251,MUT,1
3255,MUT,1
3256,MUT,1
3264,MUT,1
3269,MUT,1
3271,MUT,1
3276,MUT,1
3277,MUT,0
3286,MUT,0
3294,MUT,1
3296,MUT,0
3301,MUT,1
3314,MUT,0
3322,MUT,1
3325,MUT,0
3327,MUT,0
3331,MUT,1
3332,MUT,1
3337,MUT,1
3341,MUT,1
3345,MUT,1
3350,MUT,1
3351,MUT,1
3355,MUT,1
3357,MUT,1
3358,MUT,1
3367,MUT,0
3369,MUT,1
3379,MUT,1
3388,MUT,0
3391,MUT,1
3393,MUT,1
3395,MUT,1
3406,MUT,1
3409,MUT,1
3411,MUT,1
3414,MUT,1
3415,MUT,0
3422,MUT,1
3426,MUT,1
3427,MUT,1
3432,MUT,0
3440,MUT,1
3441,MUT,1
3443,MUT,0
3446,MUT,1
3448,MUT,1
3449,MUT,1
3454,MUT,1
3455,MUT,1
3457,MUT,1
3459,MUT,0
3463,MUT,1
3465,MUT,1
3474,MUT,0
3476,MUT,0
3477,MUT,1
3480,MUT,1
3484,MUT,1
3490,MUT,1
3493,MUT,0
3496,MUT,1
3497,MUT,0
3499,MUT,1
3500,MUT,1
3501,MUT,0
3502,MUT,1
3506,MUT,1
3511,MUT,1
3513,MUT,1
3530,MUT,1
3531,MUT,0
3532,MUT,1
3538,MUT,1
3539,MUT,0
3540,MUT,1
3541,MUT,1
3542,MUT,1
3545,MUT,0
3546,MUT,1
3549,MUT,1
3550,MUT,0
3552,MUT,1
3562,MUT,0
3568,MUT,1
3572,MUT,1
3573,MUT,0
3575,MUT,1
3577,MUT,1
3578,MUT,1
3584,MUT,1
3585,MUT,1
3589,MUT,0
3594,MUT,0
3596,MUT,1
3599,MUT,1
3603,MUT,0
3606,MUT,1
3607,MUT,0
3608,MUT,0
3611,MUT,1
3614,MUT,1
3623,MUT,1
3625,MUT,1
3635,MUT,1
3636,MUT,0
3649,MUT,1
3650,MUT,1
3654,MUT,1
3655,MUT,1
3660,MUT,1
3664,MUT,1
3666,MUT,1
3670,MUT,0
3672,MUT,1
3673,MUT,0
3678,MUT,1
3679,MUT,0
3681,MUT,0
3685,MUT,1
3688,MUT,0
3689,MUT,1
3696,MUT,1
3698,MUT,0
3703,MUT,1
3704,MUT,1
3708,MUT,1
3710,MUT,1
3719,MUT,1
3720,MUT,0
3722,MUT,1
3723,MUT,0
3725,MUT,0
3726,MUT,1
3727,MUT,0
3728,MUT,1
3734,MUT,1
3735,MUT,1
3736,MUT,0
3737,MUT,1
3739,MUT,1
3741,MUT,0
3745,MUT,1
3747,MUT,1
3749,MUT,1
3750,MUT,1
3751,MUT,0
3753,MUT,0
3754,MUT,1
3755,MUT,1
3761,MUT,1
3766,MUT,1
3769,MUT,0
3770,MUT,1
3772,MUT,0
3776,MUT,0
3777,MUT,0
3778,MUT,1
3794,MUT,0
3795,MUT,1
3796,MUT,1
3804,MUT,1
3806,MUT,1
3808,MUT,0
3810,MUT,1
3812,MUT,0
3816,MUT,1
3825,MUT,1
3829,MUT,1
3830,MUT,1
3831,MUT,1
3833,MUT,1
3834,MUT,1
3837,MUT,1
3838,MUT,0
3839,MUT,1
3840,MUT,0
3844,MUT,1
3846,MUT,1
3847,MUT,1
3848,MUT,1
3858,MUT,0
3867,MUT,1
3868,MUT,1
3869,MUT,1
3871,MUT,1
3872,MUT,1
3873,MUT,1
3876,MUT,1
3878,MUT,1
3879,MUT,1
3883,MUT,1
3884,MUT,1
3887,MUT,0
3888,MUT,0
3889,MUT,1
3899,MUT,1
3903,MUT,1
3907,MUT,1
3908,MUT,0
3915,MUT,1
3921,MUT,1
3926,MUT,1
3929,MUT,0
3930,MUT,1
3932,MUT,1
3937,MUT,0
3941,MUT,1
3944,MUT,0
3956,MUT,1
3960,MUT,1
3965,MUT,1
3969,MUT,0
3970,MUT,1
3972,MUT,0
3985,MUT,1
3986,MUT,1
3991,MUT,1
3992,MUT,1
3993,MUT,0
3994,MUT,1
3998,MUT,1
4001,MUT,1
4003,MUT,1
4013,MUT,1
4015,MUT,0
4035,MUT,1
4042,MUT,0
4045,MUT,1
4050,MUT,0
4055,MUT,1
4060,MUT,1
4061,MUT,1
4062,MUT,1
4065,MUT,0
4066,MUT,0
4069,MUT,0
4070,MUT,1
4071,MUT,1
4072,MUT,1
4075,MUT,0
4078,MUT,1
4080,MUT,1
4081,MUT,0
4083,MUT,1
4090,MUT,0
4091,MUT,1
4092,MUT,1
4094,MUT,1
4097,MUT,0
4099,MUT,0
4101,MUT,0
4105,MUT,1
4108,MUT,0
4111,MUT,1
4113,MUT,1
4114,MUT,0
4121,MUT,0
4124,MUT,0
4130,MUT,0
4131,MUT,1
4132,MUT,0
4134,MUT,0
4140,MUT,1
4148,MUT,1
4149,MUT,1
4157,MUT,0
4160,MUT,1
4161,MUT,0
4164,MUT,0
4165,MUT,0
4167,MUT,0
4169,MUT,1
4170,MUT,0
4183,MUT,1
4187,MUT,0
4204,MUT,1
4205,MUT,1
4207,MUT,0
4209,MUT,1
4212,MUT,1
4220,MUT,1
4222,MUT,1
4232,MUT,1
4234,MUT,1
4242,MUT,1
4248,MUT,1
